case,psi0,t,psi_mean_truth,psi_mean_pred,A_pct_truth,B_pct_truth,A_pct_pred,B_pct_pred,drift_pred,n_seeds
psi0m0.40,-0.400000,100,-0.400000,-0.400000,30.000000,70.000000,30.000000,70.000000,0.000000,50
psi0m0.40,-0.400000,500,-0.400000,-0.400000,30.000000,70.000000,30.000000,70.000000,0.000000,50
psi0m0.40,-0.400000,1000,-0.400000,-0.400000,30.000000,70.000000,30.000000,70.000000,0.000000,50
psi0m0.40,-0.400000,2000,-0.400000,-0.400000,30.000000,70.000000,30.000001,69.999999,0.000000,50
psi0m0.40,-0.400000,4000,-0.400000,-0.400000,30.000000,70.000000,30.000002,69.999998,0.000000,50
psi0m0.40,-0.400000,6000,-0.400000,-0.400000,30.000000,70.000000,30.000003,69.999997,0.000000,50
psi0m0.40,-0.400000,8000,-0.400000,-0.400000,30.000000,70.000000,30.000003,69.999997,0.000000,50
psi0m0.40,-0.400000,10000,-0.400000,-0.400000,30.000000,70.000000,30.000003,69.999997,0.000000,50
psi0m0.20,-0.200000,100,-0.200000,-0.200000,40.000000,60.000000,40.000000,60.000000,0.000000,50
psi0m0.20,-0.200000,500,-0.200000,-0.200000,40.000000,60.000000,39.999999,60.000001,-0.000000,50
psi0m0.20,-0.200000,1000,-0.200000,-0.200000,40.000000,60.000000,39.999999,60.000001,-0.000000,50
psi0m0.20,-0.200000,2000,-0.200000,-0.200000,40.000000,60.000000,39.999999,60.000001,-0.000000,50
psi0m0.20,-0.200000,4000,-0.200000,-0.200000,40.000000,60.000000,40.000000,60.000000,-0.000000,50
psi0m0.20,-0.200000,6000,-0.200000,-0.200000,40.000000,60.000000,40.000000,60.000000,0.000000,50
psi0m0.20,-0.200000,8000,-0.200000,-0.200000,40.000000,60.000000,39.999999,60.000001,-0.000000,50
psi0m0.20,-0.200000,10000,-0.200000,-0.200000,40.000000,60.000000,39.999999,60.000001,-0.000000,50
psi0p0.00,0.000000,100,0.000000,-0.000000,50.000000,50.000000,50.000000,50.000000,-0.000000,50
psi0p0.00,0.000000,500,0.000000,-0.000000,50.000000,50.000000,50.000000,50.000000,-0.000000,50
psi0p0.00,0.000000,1000,-0.000000,-0.000000,50.000000,50.000000,50.000000,50.000000,-0.000000,50
psi0p0.00,0.000000,2000,-0.000000,0.000000,50.000000,50.000000,50.000001,49.999999,0.000000,50
psi0p0.00,0.000000,4000,0.000000,-0.000000,50.000000,50.000000,49.999999,50.000001,-0.000000,50
psi0p0.00,0.000000,6000,-0.000000,0.000000,50.000000,50.000000,50.000000,50.000000,0.000000,50
psi0p0.00,0.000000,8000,0.000000,-0.000000,50.000000,50.000000,50.000000,50.000000,-0.000000,50
psi0p0.00,0.000000,10000,0.000000,-0.000000,50.000000,50.000000,50.000000,50.000000,-0.000000,50
psi0p0.20,0.200000,100,0.200000,0.200000,60.000000,40.000000,60.000000,40.000000,-0.000000,50
psi0p0.20,0.200000,500,0.200000,0.200000,60.000000,40.000000,60.000000,40.000000,-0.000000,50
psi0p0.20,0.200000,1000,0.200000,0.200000,60.000000,40.000000,59.999999,40.000001,-0.000000,50
psi0p0.20,0.200000,2000,0.200000,0.200000,60.000000,40.000000,59.999999,40.000001,-0.000000,50
psi0p0.20,0.200000,4000,0.200000,0.200000,60.000000,40.000000,59.999999,40.000001,-0.000000,50
psi0p0.20,0.200000,6000,0.200000,0.200000,60.000000,40.000000,59.999999,40.000001,-0.000000,50
psi0p0.20,0.200000,8000,0.200000,0.200000,60.000000,40.000000,60.000000,40.000000,-0.000000,50
psi0p0.20,0.200000,10000,0.200000,0.200000,60.000000,40.000000,59.999999,40.000001,-0.000000,50
psi0p0.40,0.400000,100,0.400000,0.400000,70.000000,30.000000,70.000000,30.000000,-0.000000,50
psi0p0.40,0.400000,500,0.400000,0.400000,70.000000,30.000000,70.000000,30.000000,0.000000,50
psi0p0.40,0.400000,1000,0.400000,0.400000,70.000000,30.000000,70.000001,29.999999,0.000000,50
psi0p0.40,0.400000,2000,0.400000,0.400000,70.000000,30.000000,70.000001,29.999999,0.000000,50
psi0p0.40,0.400000,4000,0.400000,0.400000,70.000000,30.000000,70.000001,29.999999,0.000000,50
psi0p0.40,0.400000,6000,0.400000,0.400000,70.000000,30.000000,70.000001,29.999999,0.000000,50
psi0p0.40,0.400000,8000,0.400000,0.400000,70.000000,30.000000,70.000001,29.999999,0.000000,50
psi0p0.40,0.400000,10000,0.400000,0.400000,70.000000,30.000000,70.000001,29.999999,0.000000,50
l160,-0.000000,100,-0.000000,0.000000,50.000000,50.000000,50.000000,50.000000,0.000000,50
l160,-0.000000,500,-0.000000,-0.000000,50.000000,50.000000,50.000000,50.000000,-0.000000,50
l160,-0.000000,1000,-0.000000,-0.000000,50.000000,50.000000,50.000000,50.000000,-0.000000,50
l160,-0.000000,2000,0.000000,0.000000,50.000000,50.000000,50.000000,50.000000,0.000000,50
l160,-0.000000,4000,0.000000,0.000000,50.000000,50.000000,50.000001,49.999999,0.000000,50
l160,-0.000000,6000,0.000000,0.000000,50.000000,50.000000,50.000000,50.000000,0.000000,50
l160,-0.000000,8000,0.000000,-0.000000,50.000000,50.000000,50.000000,50.000000,-0.000000,50
l160,-0.000000,10000,0.000000,0.000000,50.000000,50.000000,50.000000,50.000000,0.000000,50
l192,-0.000000,100,-0.000000,0.000000,50.000000,50.000000,50.000000,50.000000,0.000000,50
l192,-0.000000,500,-0.000000,0.000000,50.000000,50.000000,50.000000,50.000000,0.000000,50
l192,-0.000000,1000,-0.000000,0.000000,50.000000,50.000000,50.000001,49.999999,0.000000,50
l192,-0.000000,2000,-0.000000,0.000000,50.000000,50.000000,50.000001,49.999999,0.000000,50
l192,-0.000000,4000,0.000000,0.000000,50.000000,50.000000,50.000001,49.999999,0.000000,50
l192,-0.000000,6000,-0.000000,0.000000,50.000000,50.000000,50.000001,49.999999,0.000000,50
l192,-0.000000,8000,0.000000,0.000000,50.000000,50.000000,50.000001,49.999999,0.000000,50
l192,-0.000000,10000,0.000000,0.000000,50.000000,50.000000,50.000001,49.999999,0.000000,50
l256,-0.000000,100,-0.000000,0.000000,50.000000,50.000000,50.000000,50.000000,0.000000,50
l256,-0.000000,500,0.000000,0.000000,50.000000,50.000000,50.000000,50.000000,0.000000,50
l256,-0.000000,1000,0.000000,0.000000,50.000000,50.000000,50.000000,50.000000,0.000000,50
l256,-0.000000,2000,-0.000000,-0.000000,50.000000,50.000000,50.000000,50.000000,-0.000000,50
l256,-0.000000,4000,-0.000000,0.000000,50.000000,50.000000,50.000000,50.000000,0.000000,50
l256,-0.000000,6000,-0.000000,-0.000000,50.000000,50.000000,50.000000,50.000000,-0.000000,50
l256,-0.000000,8000,-0.000000,0.000000,50.000000,50.000000,50.000000,50.000000,0.000000,50
l256,-0.000000,10000,-0.000000,0.000000,50.000000,50.000000,50.000001,49.999999,0.000000,50
